{"global_step": 600, "_timestamp": 1702495712.188863, "_runtime": 62.70444297790527, "_step": 5, "charts/agent-0/loss": 421.46209716796875, "charts/agent-0/epsilon": 0.9977200031280518, "charts/agent-0/rewards": -20.0, "charts/agent-1/loss": 437.8111572265625, "charts/agent-1/epsilon": 0.9977200031280518, "charts/agent-1/rewards": -1.0000001192092896, "charts/agent-2/loss": 479.4617614746094, "charts/agent-2/epsilon": 0.9977200031280518, "charts/agent-2/rewards": -1.0000001192092896}