{"global_step": 65700, "_timestamp": 1702504916.5983129, "_runtime": 9070.14762187004, "_step": 557, "charts/agent-0/loss": 6118.03955078125, "charts/agent-0/epsilon": 0.7503399848937988, "charts/agent-0/rewards": 0.0, "charts/agent-1/loss": 4057.977783203125, "charts/agent-1/epsilon": 0.7503399848937988, "charts/agent-1/rewards": 0.0, "charts/agent-2/loss": 1066.392822265625, "charts/agent-2/epsilon": 0.7503399848937988, "charts/agent-2/rewards": 10.0}